County,2020_rep_vote_count,2020_rep_vote_perc,2020_dem_vote_count,2020_dem_vote_perc,2020_lib_vote_count,2020_lib_vote_perc,2020_grn_vote_count,2020_grn_vote_perc,2020_oth_vote_count,2020_oth_vote_perc,2020_votes_total,2016_rep_vote_counte,2016_rep_vote_perc,2016_dem_vote_count,2016_dem_vote_perc,2016_lib_vote_count,2016_lib_vote_perc,2016_grn_vote_count,2016_grn_vote_perc,2016_oth_vote_count,2016_oth_vote_perc,2016_votes_total,2012_rep_vote_perc,2012_rep_vote_count,2012_dem_vote_perc,2012_dem_vote_count,2012_oth_vote_perc,2012_oth_vote_count,2012_vote_total,2012_CWPP,2016_CWPP,2020_CWPP
anderson county,"15,110",78.59%,"3,955",20.57%,134,0.70%,22,0.11%,6,0.03%,"19,227","13,201",77.76%,"3,369",19.84%,308,1.81%,57,0.34%,42,0.25%,"16,977",75.64%,"12,262",23.52%,"3,813",0.85%,137,"16,212",0,0,0
andrews county,"4,943",84.31%,850,14.50%,60,1.02%,10,0.17%,0,0.00%,"5,863","3,927",79.45%,836,16.91%,147,2.97%,18,0.36%,15,0.30%,"4,943",81.19%,"3,639",17.74%,795,1.07%,48,"4,482",0,0,0
angelina county,"25,076",72.53%,"9,143",26.44%,274,0.79%,75,0.22%,6,0.02%,"34,574","21,668",72.44%,"7,538",25.20%,560,1.87%,106,0.35%,39,0.13%,"29,911",71.47%,"20,303",27.58%,"7,834",0.95%,269,"28,406",0,0,0
aransas county,"9,239",75.17%,"2,916",23.73%,103,0.84%,31,0.25%,1,0.01%,"12,290","7,740",73.63%,"2,465",23.45%,238,2.26%,41,0.39%,28,0.27%,"10,512",70.79%,"6,830",28.03%,"2,704",1.18%,114,"9,648",0,1,1
archer county,"4,300",89.66%,446,9.30%,45,0.94%,4,0.08%,1,0.02%,"4,796","3,786",88.40%,394,9.20%,80,1.87%,10,0.23%,13,0.30%,"4,283",86.46%,"3,600",12.61%,525,0.94%,39,"4,164",0,0,1
armstrong county,"1,035",93.08%,75,6.74%,2,0.18%,0,0.00%,0,0.00%,"1,112",924,90.50%,70,6.86%,18,1.76%,5,0.49%,4,0.39%,"1,021",88.56%,828,10.48%,98,0.96%,9,935,0,0,0
atascosa county,"12,039",66.45%,"5,876",32.43%,143,0.79%,58,0.32%,2,0.01%,"18,118","8,618",63.03%,"4,651",34.02%,308,2.25%,65,0.48%,31,0.23%,"13,673",58.65%,"7,461",40.35%,"5,133",1.00%,127,"12,721",0,0,1
austin county,"11,447",78.65%,"2,951",20.28%,123,0.85%,33,0.23%,0,0.00%,"14,554","9,637",78.52%,"2,320",18.90%,248,2.02%,51,0.42%,18,0.15%,"12,274",79.53%,"9,265",19.33%,"2,252",1.13%,132,"11,649",0,0,0
bailey county,"1,434",77.10%,409,21.99%,14,0.75%,2,0.11%,1,0.05%,"1,860","1,344",74.96%,397,22.14%,39,2.18%,5,0.28%,8,0.45%,"1,793",73.73%,"1,339",25.66%,466,0.61%,11,"1,816",0,0,0
bandera county,"10,057",79.10%,"2,505",19.70%,120,0.94%,30,0.24%,3,0.02%,"12,715","8,163",79.89%,"1,726",16.89%,262,2.56%,66,0.65%,1,0.01%,"10,218",78.60%,"7,426",19.73%,"1,864",1.67%,158,"9,448",0,0,0
bastrop county,"20,516",55.96%,"15,474",42.20%,531,1.45%,128,0.35%,16,0.04%,"36,665","16,328",57.38%,"10,569",37.14%,"1,063",3.74%,320,1.12%,174,0.61%,"28,454",57.32%,"14,033",40.29%,"9,864",2.39%,584,"24,481",0,0,0
baylor county,"1,494",87.78%,183,10.75%,22,1.29%,1,0.06%,2,0.12%,"1,702","1,267",84.52%,191,12.74%,31,2.07%,3,0.20%,7,0.47%,"1,499",81.47%,"1,297",16.77%,267,1.76%,28,"1,592",0,0,0
bee county,"6,006",63.76%,"3,288",34.90%,93,0.99%,27,0.29%,6,0.06%,"9,420","4,744",55.91%,"3,444",40.59%,238,2.80%,34,0.40%,25,0.29%,"8,485",55.29%,"4,356",43.81%,"3,452",0.90%,71,"7,879",0,0,1
bell county,"67,893",53.30%,"57,014",44.76%,"1,980",1.55%,440,0.35%,48,0.04%,"127,375","51,998",54.74%,"37,801",39.79%,"3,824",4.03%,812,0.85%,559,0.59%,"94,994",57.51%,"49,574",41.19%,"35,512",1.30%,"1,120","86,206",0,0,1
bexar county,"308,618",40.04%,"448,452",58.18%,"8,837",1.15%,"2,798",0.36%,"2,113",0.27%,"770,818","240,333",40.76%,"319,550",54.19%,"20,091",3.41%,"6,645",1.13%,"3,026",0.51%,"589,645",47.04%,"241,617",51.56%,"264,856",1.40%,"7,208","513,681",0,0,1
blanco county,"5,443",73.15%,"1,911",25.68%,72,0.97%,15,0.20%,0,0.00%,"7,441","4,212",74.09%,"1,244",21.88%,180,3.17%,33,0.58%,16,0.28%,"5,685",73.16%,"3,638",24.53%,"1,220",2.31%,115,"4,973",0,0,0
borden county,397,95.43%,16,3.85%,2,0.48%,1,0.24%,0,0.00%,416,330,90.41%,31,8.49%,3,0.82%,1,0.27%,0,0.00%,365,89.26%,324,8.82%,32,1.93%,7,363,0,0,0
bosque county,"7,469",81.84%,"1,561",17.10%,83,0.91%,13,0.14%,0,0.00%,"9,126","6,339",80.88%,"1,278",16.31%,155,1.98%,40,0.51%,26,0.33%,"7,838",80.00%,"5,885",18.58%,"1,367",1.41%,104,"7,356",0,0,0
bowie county,"27,116",70.87%,"10,747",28.09%,300,0.78%,91,0.24%,7,0.02%,"38,261","24,924",72.03%,"8,838",25.54%,582,1.68%,145,0.42%,113,0.33%,"34,602",70.24%,"24,869",28.80%,"10,196",0.96%,339,"35,404",0,0,0
brazoria county,"90,433",58.35%,"62,228",40.15%,"1,860",1.20%,417,0.27%,46,0.03%,"154,984","72,791",60.07%,"43,200",35.65%,"3,768",3.11%,806,0.67%,616,0.51%,"121,181",66.39%,"70,862",32.25%,"34,421",1.36%,"1,456","106,739",0,1,1
brazos county,"47,530",55.88%,"35,349",41.56%,"1,812",2.13%,252,0.30%,118,0.14%,"85,061","38,738",57.64%,"23,121",34.40%,"3,813",5.67%,536,0.80%,"1,003",1.49%,"67,211",66.49%,"37,209",31.23%,"17,477",2.28%,"1,276","55,962",0,1,1
brewster county,"2,461",51.04%,"2,258",46.83%,89,1.85%,14,0.29%,0,0.00%,"4,822","2,077",48.85%,"1,873",44.05%,210,4.94%,77,1.81%,15,0.35%,"4,252",51.10%,"1,976",45.64%,"1,765",3.26%,126,"3,867",0,0,0
briscoe county,639,88.14%,78,10.76%,7,0.97%,1,0.14%,0,0.00%,725,625,84.92%,91,12.36%,14,1.90%,4,0.54%,2,0.27%,736,82.34%,578,16.67%,117,1.00%,7,702,0,0,0
brooks county,998,40.18%,"1,470",59.18%,10,0.40%,6,0.24%,0,0.00%,"2,484",613,23.61%,"1,937",74.61%,32,1.23%,14,0.54%,0,0.00%,"2,596",21.10%,507,78.49%,"1,886",0.42%,10,"2,403",0,0,0
brown county,"13,698",85.78%,"2,107",13.19%,134,0.84%,24,0.15%,6,0.04%,"15,969","12,017",85.68%,"1,621",11.56%,253,1.80%,65,0.46%,70,0.50%,"14,026",85.29%,"11,895",13.65%,"1,904",1.06%,148,"13,947",0,0,0
burleson county,"6,743",78.33%,"1,788",20.77%,63,0.73%,15,0.17%,0,0.00%,"8,609","5,316",76.38%,"1,491",21.42%,118,1.70%,20,0.29%,15,0.22%,"6,960",72.35%,"4,671",26.41%,"1,705",1.24%,80,"6,456",0,0,0
burnet county,"18,767",75.93%,"5,639",22.81%,268,1.08%,34,0.14%,9,0.04%,"24,717","14,638",76.22%,"3,797",19.77%,564,2.94%,104,0.54%,101,0.53%,"19,204",76.46%,"12,843",21.87%,"3,674",1.66%,279,"16,796",0,0,0
caldwell county,"8,031",53.64%,"6,672",44.56%,190,1.27%,47,0.31%,33,0.22%,"14,973","6,691",55.33%,"4,795",39.65%,446,3.69%,105,0.87%,55,0.45%,"12,092",54.40%,"6,021",43.29%,"4,791",2.31%,256,"11,068",0,0,0
calhoun county,"5,641",71.80%,"2,148",27.34%,61,0.78%,6,0.08%,0,0.00%,"7,856","4,638",66.59%,"2,118",30.41%,168,2.41%,33,0.47%,8,0.11%,"6,965",62.33%,"4,144",36.25%,"2,410",1.41%,94,"6,648",0,0,0
callahan county,"6,012",88.00%,734,10.74%,71,1.04%,15,0.22%,0,0.00%,"6,832","4,865",87.20%,569,10.20%,107,1.92%,23,0.41%,15,0.27%,"5,579",84.24%,"4,378",14.45%,751,1.31%,68,"5,197",0,1,1
cameron county,"49,032",42.94%,"64,063",56.11%,728,0.64%,336,0.29%,15,0.01%,"114,174","29,472",32.01%,"59,402",64.51%,"2,236",2.43%,822,0.89%,147,0.16%,"92,079",33.94%,"26,099",64.99%,"49,975",1.07%,821,"76,895",0,0,0
camp county,"3,626",71.66%,"1,394",27.55%,31,0.61%,7,0.14%,2,0.04%,"5,060","3,201",70.48%,"1,260",27.74%,66,1.45%,15,0.33%,0,0.00%,"4,542",66.46%,"2,881",32.94%,"1,428",0.60%,26,"4,335",0,0,0
carson county,"2,779",89.01%,297,9.51%,37,1.19%,3,0.10%,6,0.19%,"3,122","2,620",88.39%,249,8.40%,68,2.29%,11,0.37%,16,0.54%,"2,964",88.23%,"2,451",10.51%,292,1.26%,35,"2,778",0,0,0
cass county,"11,033",79.22%,"2,795",20.07%,79,0.57%,17,0.12%,3,0.02%,"13,927","9,726",78.79%,"2,391",19.37%,145,1.17%,34,0.28%,48,0.39%,"12,344",74.34%,"8,763",24.80%,"2,924",0.86%,101,"11,788",0,0,0
castro county,"1,602",76.91%,466,22.37%,9,0.43%,6,0.29%,0,0.00%,"2,083","1,414",70.81%,526,26.34%,47,2.35%,10,0.50%,0,0.00%,"1,997",69.37%,"1,470",29.73%,630,0.90%,19,"2,119",0,0,0
chambers county,"17,353",80.15%,"3,997",18.46%,250,1.15%,50,0.23%,2,0.01%,"21,652","13,339",79.47%,"2,948",17.56%,385,2.29%,59,0.35%,55,0.33%,"16,786",79.99%,"11,787",18.93%,"2,790",1.07%,158,"14,735",0,0,0
cherokee county,"15,101",77.41%,"4,210",21.58%,161,0.83%,36,0.18%,0,0.00%,"19,508","12,919",76.94%,"3,469",20.66%,305,1.82%,34,0.20%,63,0.38%,"16,790",75.00%,"12,094",24.03%,"3,875",0.97%,157,"16,126",0,0,0
childress county,"1,943",85.26%,310,13.60%,18,0.79%,8,0.35%,0,0.00%,"2,279","1,802",86.47%,253,12.14%,24,1.15%,5,0.24%,0,0.00%,"2,084",83.42%,"1,665",16.03%,320,0.55%,11,"1,996",0,0,0
clay county,"5,069",88.25%,614,10.69%,46,0.80%,12,0.21%,3,0.05%,"5,744","4,377",87.23%,536,10.68%,87,1.73%,12,0.24%,6,0.12%,"5,018",84.36%,"4,266",14.63%,740,1.01%,51,"5,057",0,0,0
cochran county,809,80.90%,177,17.70%,11,1.10%,3,0.30%,0,0.00%,"1,000",679,75.36%,190,21.09%,29,3.22%,3,0.33%,0,0.00%,901,70.77%,649,27.92%,256,1.31%,12,917,0,0,0
coke county,"1,586",89.15%,178,10.01%,10,0.56%,5,0.28%,0,0.00%,"1,779","1,265",88.90%,140,9.84%,16,1.12%,2,0.14%,0,0.00%,"1,423",86.51%,"1,218",12.71%,179,0.78%,11,"1,408",0,0,0
coleman county,"3,641",88.29%,451,10.94%,23,0.56%,9,0.22%,0,0.00%,"4,124","3,177",87.21%,388,10.65%,53,1.45%,18,0.49%,7,0.19%,"3,643",86.25%,"3,012",12.66%,442,1.09%,38,"3,492",0,0,0
collin county,"252,318",51.40%,"230,945",47.05%,"6,075",1.24%,"1,246",0.25%,272,0.06%,"490,856","201,014",55.62%,"140,624",38.91%,"13,855",3.83%,"2,539",0.70%,"3,387",0.94%,"361,419",65.02%,"196,888",33.49%,"101,415",1.49%,"4,518","302,821",0,1,1
collingsworth county,"1,048",86.04%,155,12.73%,12,0.99%,1,0.08%,2,0.16%,"1,218",983,85.03%,145,12.54%,22,1.90%,4,0.35%,2,0.17%,"1,156",83.65%,962,15.39%,177,0.96%,11,"1,150",0,0,0
colorado county,"7,472",74.91%,"2,420",24.26%,50,0.50%,19,0.19%,14,0.14%,"9,975","6,325",74.30%,"1,987",23.34%,144,1.69%,37,0.43%,20,0.23%,"8,513",74.24%,"6,026",25.00%,"2,029",0.76%,62,"8,117",0,0,0
comal county,"62,740",70.58%,"24,826",27.93%,"1,106",1.24%,191,0.21%,29,0.03%,"88,892","45,136",72.59%,"14,238",22.90%,"2,068",3.33%,343,0.55%,393,0.63%,"62,178",76.30%,"39,318",22.22%,"11,450",1.48%,761,"51,529",0,0,1
comanche county,"5,177",85.06%,853,14.02%,49,0.81%,5,0.08%,2,0.03%,"6,086","4,333",82.74%,789,15.07%,88,1.68%,21,0.40%,6,0.11%,"5,237",80.39%,"3,944",18.14%,890,1.47%,72,"4,906",0,0,0
concho county,"1,058",83.44%,197,15.54%,10,0.79%,3,0.24%,0,0.00%,"1,268",885,82.87%,148,13.86%,27,2.53%,7,0.66%,1,0.09%,"1,068",79.22%,793,19.38%,194,1.40%,14,"1,001",0,0,0
cooke county,"15,596",82.10%,"3,210",16.90%,156,0.82%,26,0.14%,8,0.04%,"18,996","13,181",82.61%,"2,352",14.74%,317,1.99%,60,0.38%,45,0.28%,"15,955",83.28%,"11,951",15.65%,"2,246",1.07%,154,"14,351",0,0,0
coryell county,"15,438",65.71%,"7,565",32.20%,410,1.75%,77,0.33%,3,0.01%,"23,493","12,225",66.98%,"5,064",27.74%,704,3.86%,161,0.88%,99,0.54%,"18,253",67.57%,"11,220",31.06%,"5,158",1.36%,226,"16,604",0,1,1
cottle county,540,81.57%,113,17.07%,6,0.91%,3,0.45%,0,0.00%,662,506,82.68%,92,15.03%,12,1.96%,2,0.33%,0,0.00%,612,74.90%,555,24.29%,180,0.81%,6,741,0,0,0
crane county,"1,247",82.97%,241,16.03%,10,0.67%,4,0.27%,1,0.07%,"1,503","1,049",75.79%,299,21.60%,28,2.02%,7,0.51%,1,0.07%,"1,384",76.77%,985,21.43%,275,1.79%,23,"1,283",0,0,0
crockett county,"1,220",77.51%,344,21.86%,9,0.57%,1,0.06%,0,0.00%,"1,574",980,70.25%,372,26.67%,39,2.80%,4,0.29%,0,0.00%,"1,395",65.68%,957,32.94%,480,1.37%,20,"1,457",0,0,0
crosby county,"1,396",71.48%,527,26.98%,22,1.13%,8,0.41%,0,0.00%,"1,953","1,181",68.34%,468,27.08%,60,3.47%,5,0.29%,14,0.81%,"1,728",63.35%,"1,132",35.76%,639,0.90%,16,"1,787",0,0,0
culberson county,415,48.03%,438,50.69%,9,1.04%,2,0.23%,0,0.00%,864,280,36.51%,454,59.19%,23,3.00%,6,0.78%,4,0.52%,767,33.56%,295,64.62%,568,1.82%,16,879,0,0,0
dallam county,"1,389",86.33%,197,12.24%,18,1.12%,5,0.31%,0,0.00%,"1,609","1,261",81.67%,222,14.38%,46,2.98%,9,0.58%,6,0.39%,"1,544",81.36%,"1,248",16.49%,253,2.15%,33,"1,534",0,0,0
dallas county,"307,076",33.40%,"598,576",65.10%,"9,635",1.05%,"3,667",0.40%,550,0.06%,"919,504","262,945",34.64%,"461,080",60.75%,"24,025",3.17%,"6,114",0.81%,"4,809",0.63%,"758,973",41.66%,"295,813",57.11%,"405,571",1.23%,"8,733","710,117",0,0,1
dawson county,"2,951",77.88%,808,21.32%,25,0.66%,5,0.13%,0,0.00%,"3,789","2,636",73.98%,835,23.44%,80,2.25%,11,0.31%,1,0.03%,"3,563",71.14%,"2,591",27.98%,"1,019",0.88%,32,"3,642",0,0,0
deaf smith county,"3,294",71.45%,"1,264",27.42%,35,0.76%,17,0.37%,0,0.00%,"4,610","2,911",69.05%,"1,185",28.11%,91,2.16%,14,0.33%,15,0.36%,"4,216",70.60%,"3,042",28.75%,"1,239",0.65%,28,"4,309",0,0,1
delta county,"2,162",83.41%,403,15.55%,24,0.93%,3,0.12%,0,0.00%,"2,592","1,836",80.49%,400,17.54%,36,1.58%,7,0.31%,2,0.09%,"2,281",75.52%,"1,524",22.50%,454,1.98%,40,"2,018",0,0,0
denton county,"222,480",53.23%,"188,695",45.15%,"5,421",1.30%,"1,092",0.26%,276,0.07%,"417,964","170,603",57.13%,"110,890",37.13%,"11,583",3.88%,"2,660",0.89%,"2,909",0.97%,"298,645",64.91%,"157,579",33.35%,"80,978",1.74%,"4,224","242,781",0,0,0
dewitt county,"6,567",80.89%,"1,494",18.40%,46,0.57%,11,0.14%,0,0.00%,"8,118","5,519",80.64%,"1,163",16.99%,124,1.81%,27,0.39%,11,0.16%,"6,844",77.16%,"5,122",22.10%,"1,467",0.74%,49,"6,638",0,0,1
dickens county,853,86.34%,130,13.16%,3,0.30%,2,0.20%,0,0.00%,988,755,83.06%,128,14.08%,23,2.53%,3,0.33%,0,0.00%,909,77.82%,793,21.20%,216,0.98%,10,"1,019",0,0,0
dimmit county,"1,384",37.75%,"2,264",61.76%,10,0.27%,8,0.22%,0,0.00%,"3,666",974,30.20%,"2,173",67.38%,57,1.77%,21,0.65%,0,0.00%,"3,225",26.12%,762,73.40%,"2,141",0.48%,14,"2,917",0,0,0
donley county,"1,438",87.26%,198,12.01%,11,0.67%,1,0.06%,0,0.00%,"1,648","1,225",83.62%,191,13.04%,40,2.73%,5,0.34%,4,0.27%,"1,465",83.84%,"1,287",14.72%,226,1.43%,22,"1,535",0,0,0
duval county,"2,443",48.35%,"2,575",50.96%,22,0.44%,13,0.26%,0,0.00%,"5,053","1,316",31.57%,"2,783",66.77%,49,1.18%,19,0.46%,1,0.02%,"4,168",22.56%,980,76.68%,"3,331",0.76%,33,"4,344",0,0,0
eastland county,"7,237",87.27%,983,11.85%,60,0.72%,12,0.14%,1,0.01%,"8,293","6,011",86.33%,776,11.14%,120,1.72%,31,0.45%,25,0.36%,"6,963",83.82%,"5,444",14.93%,970,1.25%,81,"6,495",0,1,1
ector county,"32,697",73.33%,"11,367",25.49%,428,0.96%,89,0.20%,10,0.02%,"44,591","25,020",68.49%,"10,249",28.06%,"1,009",2.76%,167,0.46%,85,0.23%,"36,530",73.85%,"24,010",24.97%,"8,118",1.18%,385,"32,513",0,1,1
edwards county,893,83.77%,168,15.76%,5,0.47%,0,0.00%,0,0.00%,"1,066",746,69.52%,303,28.24%,17,1.58%,5,0.47%,2,0.19%,"1,073",72.62%,642,26.24%,232,1.13%,10,884,0,0,0
ellis county,"56,717",66.34%,"27,565",32.24%,954,1.12%,220,0.26%,37,0.04%,"85,493","44,941",70.58%,"16,253",25.53%,"1,747",2.74%,325,0.51%,407,0.64%,"63,673",33.15%,"57,150",65.51%,"112,952",1.34%,"2,310","172,412",0,0,1
el paso county,"84,331",31.62%,"178,126",66.78%,"2,746",1.03%,"1,445",0.54%,81,0.03%,"266,729","55,512",25.94%,"147,843",69.08%,"7,607",3.55%,"2,945",1.38%,101,0.05%,"214,008",73.08%,"39,574",25.63%,"13,881",1.29%,696,"54,151",0,0,0
erath county,"13,684",81.18%,"2,916",17.30%,218,1.29%,35,0.21%,3,0.02%,"16,856","11,210",80.69%,"2,160",15.55%,378,2.72%,68,0.49%,77,0.55%,"13,893",82.81%,"10,329",15.75%,"1,965",1.44%,179,"12,473",1,1,1
falls county,"4,177",68.11%,"1,899",30.96%,44,0.72%,13,0.21%,0,0.00%,"6,133","3,441",65.57%,"1,684",32.09%,90,1.71%,23,0.44%,10,0.19%,"5,248",61.76%,"3,356",37.41%,"2,033",0.83%,45,"5,434",0,0,0
fannin county,"12,171",81.10%,"2,655",17.69%,155,1.03%,23,0.15%,3,0.02%,"15,007","9,548",79.28%,"2,132",17.70%,269,2.23%,46,0.38%,49,0.41%,"12,044",75.54%,"8,161",23.01%,"2,486",1.45%,157,"10,804",0,0,0
fayette county,"10,171",78.60%,"2,661",20.56%,83,0.64%,26,0.20%,0,0.00%,"12,941","8,743",78.24%,"2,144",19.19%,209,1.87%,45,0.40%,33,0.30%,"11,174",76.83%,"8,106",21.94%,"2,315",1.23%,130,"10,551",0,0,0
fisher county,"1,448",79.30%,352,19.28%,21,1.15%,5,0.27%,0,0.00%,"1,826","1,265",73.16%,403,23.31%,44,2.54%,10,0.58%,7,0.40%,"1,729",67.16%,"1,094",31.43%,512,1.41%,23,"1,629",0,0,0
floyd county,"1,584",77.69%,438,21.48%,15,0.74%,2,0.10%,0,0.00%,"2,039","1,474",75.24%,435,22.21%,47,2.40%,3,0.15%,0,0.00%,"1,959",73.05%,"1,523",26.43%,551,0.53%,11,"2,085",0,1,1
foard county,445,80.76%,99,17.97%,6,1.09%,1,0.18%,0,0.00%,551,383,74.66%,113,22.03%,14,2.73%,1,0.19%,2,0.39%,513,70.30%,348,28.28%,140,1.41%,7,495,0,0,0
fort bend county,"157,718",44.12%,"195,552",54.70%,"3,028",0.85%,"1,091",0.31%,125,0.03%,"357,514","117,291",44.76%,"134,686",51.39%,"6,907",2.64%,"1,783",0.68%,"1,399",0.53%,"262,066",52.91%,"116,126",46.08%,"101,144",1.01%,"2,219","219,489",0,1,1
franklin county,"4,161",83.07%,804,16.05%,36,0.72%,8,0.16%,0,0.00%,"5,009","3,585",81.85%,665,15.18%,96,2.19%,12,0.27%,22,0.50%,"4,380",80.95%,"3,446",17.64%,751,1.41%,60,"4,257",0,0,0
freestone county,"6,991",80.25%,"1,635",18.77%,67,0.77%,18,0.21%,0,0.00%,"8,711","6,026",78.42%,"1,471",19.14%,139,1.81%,13,0.17%,35,0.46%,"7,684",74.58%,"5,646",24.44%,"1,850",0.98%,74,"7,570",0,0,0
frio county,"2,823",53.48%,"2,422",45.88%,23,0.44%,11,0.21%,0,0.00%,"5,279","1,856",42.18%,"2,444",55.55%,76,1.73%,24,0.55%,0,0.00%,"4,400",39.29%,"1,559",59.88%,"2,376",0.83%,33,"3,968",0,0,0
gaines county,"5,355",89.31%,576,9.61%,54,0.90%,10,0.17%,1,0.02%,"5,996","3,907",84.57%,597,12.92%,85,1.84%,20,0.43%,11,0.24%,"4,620",85.69%,"3,484",13.16%,535,1.16%,47,"4,066",1,1,1
galveston county,"93,911",60.56%,"58,842",37.95%,"1,913",1.23%,393,0.25%,1,0.00%,"155,060","73,757",60.01%,"43,658",35.52%,"4,045",3.29%,889,0.72%,554,0.45%,"122,903",62.74%,"69,059",35.89%,"39,511",1.37%,"1,508","110,078",1,1,1
garza county,"1,413",85.48%,231,13.97%,5,0.30%,4,0.24%,0,0.00%,"1,653","1,225",82.55%,230,15.50%,21,1.42%,7,0.47%,1,0.07%,"1,484",80.96%,"1,263",17.88%,279,1.15%,18,"1,560",0,0,0
gillespie county,"12,514",78.95%,"3,176",20.04%,140,0.88%,16,0.10%,4,0.03%,"15,850","10,446",79.05%,"2,288",17.31%,333,2.52%,61,0.46%,86,0.65%,"13,214",82.12%,"10,306",16.37%,"2,055",1.51%,189,"12,550",0,0,0
glasscock county,611,93.57%,39,5.97%,3,0.46%,0,0.00%,0,0.00%,653,553,91.56%,34,5.63%,13,2.15%,2,0.33%,2,0.33%,604,91.00%,526,7.61%,44,1.38%,8,578,0,0,0
goliad county,"3,085",77.22%,877,21.95%,24,0.60%,2,0.05%,7,0.18%,"3,995","2,620",70.66%,973,26.24%,101,2.72%,10,0.27%,4,0.11%,"3,708",66.34%,"2,294",32.59%,"1,127",1.07%,37,"3,458",0,0,0
gonzales county,"5,627",73.57%,"1,948",25.47%,57,0.75%,15,0.20%,1,0.01%,"7,648","4,587",72.42%,"1,571",24.80%,129,2.04%,28,0.44%,19,0.30%,"6,334",69.61%,"4,216",29.34%,"1,777",1.06%,64,"6,057",0,0,0
gray county,"6,840",87.90%,829,10.65%,97,1.25%,16,0.21%,0,0.00%,"7,782","6,500",87.78%,701,9.47%,144,1.94%,22,0.30%,38,0.51%,"7,405",87.20%,"6,443",11.99%,886,0.81%,60,"7,389",0,0,0
grayson county,"44,163",74.26%,"14,506",24.39%,634,1.07%,136,0.23%,35,0.06%,"59,474","35,325",74.50%,"10,301",21.72%,"1,258",2.65%,264,0.56%,268,0.57%,"47,416",73.20%,"30,936",25.25%,"10,670",1.56%,658,"42,264",0,1,1
gregg county,"32,493",67.72%,"14,796",30.84%,551,1.15%,113,0.24%,29,0.06%,"47,982","28,764",68.90%,"11,677",27.97%,903,2.16%,150,0.36%,255,0.61%,"41,749",69.25%,"28,742",29.87%,"12,398",0.88%,367,"41,507",0,0,1
grimes county,"9,432",75.98%,"2,833",22.82%,118,0.95%,30,0.24%,1,0.01%,"12,414","7,065",74.11%,"2,194",23.01%,219,2.30%,50,0.52%,5,0.05%,"9,533",71.40%,"6,141",27.19%,"2,339",1.41%,121,"8,601",0,0,1
guadalupe county,"47,553",61.26%,"28,805",37.11%,"1,023",1.32%,211,0.27%,27,0.03%,"77,619","36,632",63.35%,"18,391",31.81%,"2,022",3.50%,412,0.71%,365,0.63%,"57,822",66.88%,"33,117",31.80%,"15,744",1.32%,653,"49,514",0,0,1
hale county,"7,177",74.87%,"2,279",23.77%,97,1.01%,31,0.32%,2,0.02%,"9,586","6,366",71.87%,"2,101",23.72%,324,3.66%,43,0.49%,24,0.27%,"8,858",73.30%,"6,490",25.33%,"2,243",1.37%,121,"8,854",0,0,0
hall county,995,85.12%,168,14.37%,4,0.34%,1,0.09%,1,0.09%,"1,169",893,81.85%,164,15.03%,34,3.12%,0,0.00%,0,0.00%,"1,091",75.02%,832,23.90%,265,1.08%,12,"1,109",0,0,0
hamilton county,"3,616",83.11%,641,14.73%,52,1.20%,40,0.92%,2,0.05%,"4,351","3,060",84.53%,479,13.23%,64,1.77%,10,0.28%,7,0.19%,"3,620",82.15%,"2,918",16.64%,591,1.21%,43,"3,552",0,0,0
hansford county,"1,849",90.33%,166,8.11%,27,1.32%,3,0.15%,2,0.10%,"2,047","1,730",88.85%,171,8.78%,37,1.90%,9,0.46%,0,0.00%,"1,947",91.13%,"1,788",8.10%,159,0.76%,15,"1,962",0,0,0
hardeman county,"1,330",84.18%,241,15.25%,9,0.57%,0,0.00%,0,0.00%,"1,580","1,207",79.78%,249,16.46%,48,3.17%,7,0.46%,2,0.13%,"1,513",78.66%,"1,176",20.20%,302,1.14%,17,"1,495",0,0,0
hardin county,"23,858",86.33%,"3,474",12.57%,276,1.00%,27,0.10%,0,0.00%,"27,635","19,606",86.07%,"2,780",12.20%,353,1.55%,41,0.18%,0,0.00%,"22,780",83.33%,"17,746",15.77%,"3,359",0.90%,192,"21,297",0,0,0
harris county,"700,630",42.70%,"918,193",55.96%,"16,819",1.03%,"5,129",0.31%,47,0.00%,"1,640,818","545,955",41.61%,"707,914",53.95%,"39,781",3.03%,"11,784",0.90%,"6,678",0.51%,"1,312,112",49.31%,"586,073",49.39%,"587,044",1.30%,"15,468","1,188,585",0,0,1
harrison county,"21,466",72.23%,"7,908",26.61%,294,0.99%,42,0.14%,7,0.02%,"29,717","18,749",70.62%,"7,151",26.94%,449,1.69%,76,0.29%,123,0.46%,"26,548",66.92%,"17,512",32.31%,"8,456",0.77%,202,"26,170",0,0,0
hartley county,"1,868",89.89%,195,9.38%,14,0.67%,1,0.05%,0,0.00%,"2,078","1,730",88.63%,173,8.86%,43,2.20%,3,0.15%,3,0.15%,"1,952",89.28%,"1,708",9.62%,184,1.10%,21,"1,913",0,0,0
haskell county,"1,840",83.11%,353,15.94%,15,0.68%,6,0.27%,0,0.00%,"2,214","1,403",79.27%,314,17.74%,42,2.37%,6,0.34%,5,0.28%,"1,770",70.74%,"1,424",27.47%,553,1.79%,36,"2,013",0,0,0
hays county,"47,680",43.59%,"59,524",54.41%,"1,735",1.59%,418,0.38%,38,0.03%,"109,395","33,826",46.87%,"33,224",46.04%,"3,630",5.03%,"1,061",1.47%,423,0.59%,"72,164",53.65%,"31,661",43.27%,"25,537",3.07%,"1,813","59,011",0,0,1
hemphill county,"1,486",86.40%,206,11.98%,25,1.45%,3,0.17%,0,0.00%,"1,720","1,462",86.25%,181,10.68%,44,2.60%,2,0.12%,6,0.35%,"1,695",86.02%,"1,298",12.72%,192,1.26%,19,"1,509",0,0,0
henderson county,"28,911",79.61%,"7,060",19.44%,264,0.73%,75,0.21%,7,0.02%,"36,317","23,650",78.72%,"5,669",18.87%,535,1.78%,102,0.34%,89,0.30%,"30,045",76.85%,"21,231",22.10%,"6,106",1.05%,290,"27,627",0,0,1
hidalgo county,"90,527",40.98%,"128,199",58.04%,"1,261",0.57%,865,0.39%,32,0.01%,"220,884","48,642",28.05%,"118,809",68.50%,"3,788",2.18%,"1,856",1.07%,342,0.20%,"173,437",28.65%,"39,865",70.40%,"97,969",0.95%,"1,325","139,159",0,0,1
hill county,"11,926",79.87%,"2,860",19.15%,119,0.80%,26,0.17%,0,0.00%,"14,931","10,108",77.93%,"2,547",19.64%,256,1.97%,40,0.31%,19,0.15%,"12,970",75.82%,"9,132",22.85%,"2,752",1.34%,161,"12,045",0,0,0
hockley county,"6,536",80.69%,"1,482",18.30%,61,0.75%,16,0.20%,5,0.06%,"8,100","5,809",79.46%,"1,260",17.23%,199,2.72%,33,0.45%,10,0.14%,"7,311",77.74%,"5,546",20.83%,"1,486",1.43%,102,"7,134",0,0,0
hood county,"26,496",81.42%,"5,648",17.36%,319,0.98%,71,0.22%,7,0.02%,"32,541","21,382",81.42%,"4,008",15.26%,641,2.44%,113,0.43%,118,0.45%,"26,262",81.69%,"18,409",17.05%,"3,843",1.26%,283,"22,535",0,1,1
hopkins county,"12,719",79.79%,"3,046",19.11%,143,0.90%,31,0.19%,2,0.01%,"15,941","10,707",79.09%,"2,510",18.54%,220,1.63%,44,0.33%,57,0.42%,"13,538",77.13%,"9,836",21.78%,"2,777",1.10%,140,"12,753",0,1,1
houston county,"7,060",74.80%,"2,314",24.52%,56,0.59%,7,0.07%,1,0.01%,"9,438","6,205",74.28%,"1,978",23.68%,90,1.08%,29,0.35%,51,0.61%,"8,353",71.59%,"5,880",27.57%,"2,265",0.84%,69,"8,214",0,0,0
howard county,"8,054",78.64%,"2,069",20.20%,89,0.87%,28,0.27%,1,0.01%,"10,241","6,637",76.09%,"1,770",20.29%,232,2.66%,56,0.64%,28,0.32%,"8,723",74.22%,"6,453",24.27%,"2,110",1.52%,132,"8,695",0,0,1
hudspeth county,779,66.87%,371,31.85%,10,0.86%,5,0.43%,0,0.00%,"1,165",503,57.75%,324,37.20%,38,4.36%,6,0.69%,0,0.00%,871,54.58%,471,43.92%,379,1.51%,13,863,0,0,0
hunt county,"29,163",75.56%,"8,906",23.07%,434,1.12%,71,0.18%,23,0.06%,"38,597","23,910",75.77%,"6,396",20.27%,862,2.73%,162,0.51%,224,0.71%,"31,554",74.91%,"21,011",23.78%,"6,671",1.31%,367,"28,049",0,0,0
hutchinson county,"7,681",87.55%,965,11.00%,115,1.31%,10,0.11%,2,0.02%,"8,773","7,042",86.35%,854,10.47%,210,2.58%,23,0.28%,26,0.32%,"8,155",85.82%,"6,804",13.18%,"1,045",1.00%,79,"7,928",0,0,0
irion county,759,85.38%,120,13.50%,8,0.90%,2,0.22%,0,0.00%,889,660,86.16%,90,11.75%,9,1.17%,1,0.13%,6,0.78%,766,84.77%,668,14.21%,112,1.02%,8,788,0,0,0
jack county,"3,418",90.38%,331,8.75%,24,0.63%,9,0.24%,0,0.00%,"3,782","2,973",88.75%,314,9.37%,42,1.25%,10,0.30%,11,0.33%,"3,350",88.72%,"2,580",10.42%,303,0.86%,25,"2,908",0,0,1
jackson county,"5,231",82.34%,"1,033",16.26%,53,0.83%,23,0.36%,13,0.20%,"6,353","4,266",80.46%,904,17.05%,78,1.47%,27,0.51%,27,0.51%,"5,302",77.73%,"3,906",21.29%,"1,070",0.98%,49,"5,025",0,0,0
jasper county,"12,542",80.34%,"2,954",18.92%,105,0.67%,7,0.04%,3,0.02%,"15,611","10,609",79.06%,"2,590",19.30%,156,1.16%,38,0.28%,26,0.19%,"13,419",73.66%,"9,957",25.32%,"3,423",1.01%,137,"13,517",0,0,0
jeff davis county,784,60.08%,501,38.39%,17,1.30%,3,0.23%,0,0.00%,"1,305",695,58.35%,422,35.43%,42,3.53%,17,1.43%,15,1.26%,"1,191",60.32%,719,36.91%,440,2.77%,33,"1,192",0,0,0
jefferson county,"47,570",50.20%,"46,073",48.62%,897,0.95%,199,0.21%,20,0.02%,"94,759","42,862",48.92%,"42,443",48.44%,"1,714",1.96%,420,0.48%,179,0.20%,"87,618",48.79%,"43,242",50.40%,"44,668",0.81%,717,"88,627",0,1,1
jim hogg county,833,40.91%,"1,197",58.79%,4,0.20%,2,0.10%,0,0.00%,"2,036",430,20.29%,"1,635",77.16%,42,1.98%,12,0.57%,0,0.00%,"2,119",21.36%,356,78.04%,"1,301",0.60%,10,"1,667",0,0,0
jim wells county,"7,453",54.52%,"6,119",44.77%,69,0.50%,28,0.20%,0,0.00%,"13,669","5,420",43.78%,"6,694",54.08%,210,1.70%,40,0.32%,15,0.12%,"12,379",41.18%,"4,598",58.14%,"6,492",0.68%,76,"11,166",0,0,0
johnson county,"54,628",75.85%,"16,464",22.86%,771,1.07%,142,0.20%,15,0.02%,"72,020","44,382",77.04%,"10,988",19.07%,"1,605",2.79%,324,0.56%,307,0.53%,"57,606",77.11%,"37,661",21.49%,"10,496",1.39%,681,"48,838",0,0,0
jones county,"5,660",83.96%,999,14.82%,63,0.93%,19,0.28%,0,0.00%,"6,741","4,819",80.86%,936,15.70%,162,2.72%,21,0.35%,22,0.37%,"5,960",76.56%,"4,262",22.02%,"1,226",1.42%,79,"5,567",0,0,1
karnes county,"3,968",75.55%,"1,234",23.50%,30,0.57%,17,0.32%,3,0.06%,"5,252","2,965",70.63%,"1,145",27.27%,70,1.67%,12,0.29%,6,0.14%,"4,198",67.50%,"2,825",31.66%,"1,325",0.84%,35,"4,185",0,0,0
kaufman county,"37,624",66.34%,"18,405",32.45%,528,0.93%,146,0.26%,15,0.03%,"56,718","29,587",71.70%,"10,278",24.91%,983,2.38%,197,0.48%,220,0.53%,"41,265",71.66%,"24,846",27.32%,"9,472",1.02%,352,"34,670",0,0,1
kendall county,"20,083",75.92%,"6,020",22.76%,289,1.09%,46,0.17%,14,0.05%,"26,452","15,700",78.03%,"3,643",18.11%,555,2.76%,87,0.43%,135,0.67%,"20,120",81.58%,"14,508",17.11%,"3,043",1.30%,232,"17,783",0,0,1
kenedy county,127,65.46%,65,33.51%,1,0.52%,1,0.52%,0,0.00%,194,84,45.16%,99,53.23%,3,1.61%,0,0.00%,0,0.00%,186,50.30%,84,49.10%,82,0.60%,1,167,0,0,0
kent county,411,88.96%,47,10.17%,1,0.22%,3,0.65%,0,0.00%,462,360,82.95%,59,13.59%,14,3.23%,0,0.00%,1,0.23%,434,82.72%,335,16.30%,66,0.99%,4,405,0,0,0
kerr county,"20,879",75.25%,"6,524",23.51%,283,1.02%,51,0.18%,8,0.03%,"27,745","17,727",76.09%,"4,681",20.09%,657,2.82%,116,0.50%,116,0.50%,"23,297",78.95%,"17,274",19.83%,"4,338",1.22%,267,"21,879",0,0,0
kimble county,"1,987",86.69%,284,12.39%,17,0.74%,4,0.17%,0,0.00%,"2,292","1,697",86.94%,206,10.55%,37,1.90%,5,0.26%,7,0.36%,"1,952",88.11%,"1,667",11.47%,217,0.42%,8,"1,892",0,0,0
king county,151,94.97%,8,5.03%,0,0.00%,0,0.00%,0,0.00%,159,149,93.71%,5,3.14%,5,3.14%,0,0.00%,0,0.00%,159,95.86%,139,3.45%,5,0.69%,1,145,0,0,0
kinney county,"1,144",71.37%,446,27.82%,11,0.69%,2,0.12%,0,0.00%,"1,603",936,65.45%,458,32.03%,25,1.75%,6,0.42%,5,0.35%,"1,430",61.75%,880,36.63%,522,1.61%,23,"1,425",0,0,0
kleberg county,"5,504",50.29%,"5,314",48.56%,97,0.89%,29,0.26%,0,0.00%,"10,944","4,367",45.91%,"4,716",49.58%,314,3.30%,92,0.97%,23,0.24%,"9,512",45.56%,"4,058",53.37%,"4,754",1.07%,95,"8,907",0,0,0
knox county,"1,180",81.04%,265,18.20%,7,0.48%,4,0.27%,0,0.00%,"1,456","1,078",78.86%,247,18.07%,28,2.05%,5,0.37%,9,0.66%,"1,367",76.82%,"1,160",21.99%,332,1.19%,18,"1,510",0,0,0
lamar county,"16,760",78.16%,"4,458",20.79%,172,0.80%,28,0.13%,24,0.11%,"21,442","14,561",78.24%,"3,583",19.25%,343,1.84%,70,0.38%,54,0.29%,"18,611",74.58%,"12,826",24.31%,"4,181",1.10%,190,"17,197",0,0,0
lamb county,"3,521",79.84%,840,19.05%,40,0.91%,7,0.16%,2,0.05%,"4,410","3,111",77.87%,771,19.30%,85,2.13%,8,0.20%,20,0.50%,"3,995",74.75%,"3,058",24.40%,998,0.86%,35,"4,091",0,0,0
lampasas county,"8,086",77.76%,"2,144",20.62%,145,1.39%,24,0.23%,0,0.00%,"10,399","6,385",77.82%,"1,483",18.07%,253,3.08%,47,0.57%,37,0.45%,"8,205",78.03%,"5,621",20.53%,"1,479",1.44%,104,"7,204",0,1,1
la salle county,"1,335",55.49%,"1,052",43.72%,12,0.50%,7,0.29%,0,0.00%,"2,406",872,42.35%,"1,129",54.83%,44,2.14%,10,0.49%,4,0.19%,"2,059",40.64%,669,58.63%,965,0.73%,12,"1,646",0,0,0
lavaca county,"8,804",86.34%,"1,333",13.07%,46,0.45%,8,0.08%,6,0.06%,"10,197","7,347",84.83%,"1,170",13.51%,112,1.29%,12,0.14%,20,0.23%,"8,661",81.94%,"6,796",17.22%,"1,428",0.84%,70,"8,294",0,0,0
lee county,"6,255",77.35%,"1,750",21.64%,65,0.80%,16,0.20%,1,0.01%,"8,087","4,997",76.47%,"1,372",20.99%,126,1.93%,28,0.43%,12,0.18%,"6,535",72.45%,"4,507",26.23%,"1,632",1.32%,82,"6,221",0,1,1
leon county,"7,523",86.73%,"1,072",12.36%,57,0.66%,14,0.16%,8,0.09%,"8,674","6,391",85.91%,909,12.22%,94,1.26%,13,0.17%,32,0.43%,"7,439",83.71%,"5,814",15.29%,"1,062",0.99%,69,"6,945",0,0,0
liberty county,"23,302",79.44%,"5,785",19.72%,218,0.74%,29,0.10%,0,0.00%,"29,334","18,892",77.85%,"4,862",20.04%,364,1.50%,85,0.35%,64,0.26%,"24,267",76.16%,"17,323",22.87%,"5,202",0.97%,221,"22,746",0,0,0
limestone county,"6,789",74.65%,"2,213",24.33%,66,0.73%,27,0.30%,0,0.00%,"9,095","5,796",74.89%,"1,778",22.97%,128,1.65%,27,0.35%,10,0.13%,"7,739",69.92%,"5,288",29.19%,"2,208",0.89%,67,"7,563",0,0,0
lipscomb county,"1,205",89.06%,131,9.68%,17,1.26%,0,0.00%,0,0.00%,"1,353","1,159",87.01%,135,10.14%,25,1.88%,3,0.23%,10,0.75%,"1,332",89.38%,"1,044",10.19%,119,0.43%,5,"1,168",0,0,0
live oak county,"4,199",83.08%,819,16.20%,30,0.59%,6,0.12%,0,0.00%,"5,054","3,464",80.52%,742,17.25%,65,1.51%,13,0.30%,18,0.42%,"4,302",76.68%,"3,154",22.34%,919,0.97%,40,"4,113",0,0,0
llano county,"10,079",79.61%,"2,465",19.47%,99,0.78%,16,0.13%,1,0.01%,"12,660","8,299",79.44%,"1,825",17.47%,205,1.96%,65,0.62%,53,0.51%,"10,447",79.62%,"7,610",19.06%,"1,822",1.32%,126,"9,558",0,0,0
loving county,60,90.91%,4,6.06%,2,3.03%,0,0.00%,0,0.00%,66,58,89.23%,4,6.15%,1,1.54%,2,3.08%,0,0.00%,65,84.38%,54,14.06%,9,1.56%,1,64,0,0,0
lubbock county,"78,861",65.27%,"40,017",33.12%,"1,617",1.34%,276,0.23%,46,0.04%,"120,817","65,651",66.31%,"28,023",28.30%,"3,917",3.96%,633,0.64%,789,0.80%,"99,013",69.61%,"63,469",28.81%,"26,271",1.58%,"1,444","91,184",1,1,1
lynn county,"1,853",80.81%,428,18.67%,10,0.44%,2,0.09%,0,0.00%,"2,293","1,546",76.95%,403,20.06%,41,2.04%,7,0.35%,12,0.60%,"2,009",73.46%,"1,439",25.83%,506,0.71%,14,"1,959",0,0,0
madison county,"4,169",78.69%,"1,088",20.54%,30,0.57%,10,0.19%,1,0.02%,"5,298","3,351",78.13%,881,20.54%,45,1.05%,8,0.19%,4,0.09%,"4,289",75.17%,"3,028",24.01%,967,0.82%,33,"4,028",0,1,1
marion county,"3,470",71.34%,"1,339",27.53%,47,0.97%,8,0.16%,0,0.00%,"4,864","2,983",70.39%,"1,165",27.49%,71,1.68%,13,0.31%,6,0.14%,"4,238",63.83%,"2,733",34.91%,"1,495",1.26%,54,"4,282",0,0,1
martin county,"1,857",85.97%,288,13.33%,13,0.60%,2,0.09%,0,0.00%,"2,160","1,455",82.58%,266,15.10%,31,1.76%,5,0.28%,5,0.28%,"1,762",84.24%,"1,368",15.27%,248,0.49%,8,"1,624",0,0,0
mason county,"1,991",80.48%,457,18.47%,19,0.77%,2,0.08%,5,0.20%,"2,474","1,656",80.51%,354,17.21%,37,1.80%,7,0.34%,3,0.15%,"2,057",79.52%,"1,565",19.31%,380,1.17%,23,"1,968",0,1,1
matagorda county,"9,845",71.72%,"3,733",27.19%,115,0.84%,33,0.24%,1,0.01%,"13,727","8,366",68.60%,"3,500",28.70%,239,1.96%,53,0.43%,38,0.31%,"12,196",66.27%,"8,040",32.80%,"3,980",0.93%,113,"12,133",0,0,0
maverick county,"6,881",44.84%,"8,332",54.29%,73,0.48%,60,0.39%,0,0.00%,"15,346","2,816",20.72%,"10,397",76.52%,266,1.96%,109,0.80%,0,0.00%,"13,588",20.55%,"2,171",78.60%,"8,303",0.84%,89,"10,563",0,0,0
mcculloch county,"2,904",84.52%,490,14.26%,36,1.05%,6,0.17%,0,0.00%,"3,436","2,552",82.24%,482,15.53%,51,1.64%,9,0.29%,9,0.29%,"3,103",80.82%,"2,419",17.94%,537,1.24%,37,"2,993",0,0,0
mclennan county,"59,543",60.84%,"36,688",37.49%,"1,297",1.33%,243,0.25%,101,0.10%,"97,872","48,260",61.03%,"27,063",34.22%,"2,492",3.15%,473,0.60%,787,1.00%,"79,075",64.26%,"47,903",34.47%,"25,694",1.27%,944,"74,541",0,1,1
mcmullen county,460,89.15%,53,10.27%,2,0.39%,1,0.19%,0,0.00%,516,454,90.98%,40,8.02%,2,0.40%,1,0.20%,2,0.40%,499,85.69%,431,13.32%,67,0.99%,5,503,0,0,0
medina county,"15,642",69.04%,"6,773",29.89%,184,0.81%,45,0.20%,13,0.06%,"22,657","12,085",70.07%,"4,634",26.87%,403,2.34%,106,0.61%,18,0.10%,"17,246",69.03%,"11,079",29.81%,"4,784",1.16%,186,"16,049",0,1,1
menard county,823,80.06%,197,19.16%,6,0.58%,2,0.19%,0,0.00%,"1,028",682,78.94%,154,17.82%,25,2.89%,1,0.12%,2,0.23%,864,78.33%,665,20.14%,171,1.53%,13,849,0,0,0
midland county,"45,624",77.51%,"12,329",20.95%,777,1.32%,126,0.21%,3,0.01%,"58,859","36,973",75.13%,"10,025",20.37%,"1,667",3.39%,203,0.41%,344,0.70%,"49,212",80.03%,"35,689",18.58%,"8,286",1.39%,622,"44,597",1,1,1
milam county,"7,984",75.48%,"2,496",23.60%,72,0.68%,24,0.23%,2,0.02%,"10,578","6,364",73.45%,"2,051",23.67%,178,2.05%,49,0.57%,22,0.25%,"8,664",66.60%,"5,481",32.03%,"2,636",1.37%,113,"8,230",0,1,1
mills county,"2,217",88.50%,271,10.82%,15,0.60%,2,0.08%,0,0.00%,"2,505","1,951",86.90%,243,10.82%,41,1.83%,6,0.27%,4,0.18%,"2,245",85.51%,"1,882",12.68%,279,1.82%,40,"2,201",0,0,0
mitchell county,"2,170",84.14%,397,15.39%,11,0.43%,1,0.04%,0,0.00%,"2,579","1,780",81.06%,354,16.12%,50,2.28%,7,0.32%,5,0.23%,"2,196",75.82%,"1,756",23.23%,538,0.95%,22,"2,316",0,0,0
montague county,"8,615",87.74%,"1,097",11.17%,78,0.79%,24,0.24%,5,0.05%,"9,819","7,526",87.47%,885,10.29%,170,1.98%,23,0.27%,0,0.00%,"8,604",84.49%,"6,549",14.40%,"1,116",1.11%,86,"7,751",0,1,1
montgomery county,"193,382",71.22%,"74,377",27.39%,"3,166",1.17%,526,0.19%,92,0.03%,"271,543","150,314",73.46%,"45,835",22.40%,"6,142",3.00%,"1,018",0.50%,"1,323",0.65%,"204,632",79.70%,"137,969",19.02%,"32,920",1.28%,"2,224","173,113",0,0,0
moore county,"4,359",79.14%,"1,062",19.28%,66,1.20%,21,0.38%,0,0.00%,"5,508","3,977",75.26%,"1,098",20.78%,166,3.14%,26,0.49%,17,0.32%,"5,284",79.60%,"3,968",19.34%,964,1.06%,53,"4,985",0,0,0
morris county,"3,872",69.30%,"1,669",29.87%,36,0.64%,10,0.18%,0,0.00%,"5,587","3,446",69.29%,"1,425",28.65%,77,1.55%,19,0.38%,6,0.12%,"4,973",62.89%,"3,232",36.15%,"1,858",0.95%,49,"5,139",0,0,0
motley county,604,92.64%,46,7.06%,2,0.31%,0,0.00%,0,0.00%,652,566,92.03%,40,6.50%,9,1.46%,0,0.00%,0,0.00%,615,89.67%,538,9.17%,55,1.17%,7,600,0,0,0
nacogdoches county,"17,378",64.88%,"9,000",33.60%,302,1.13%,83,0.31%,22,0.08%,"26,785","14,771",65.29%,"6,846",30.26%,702,3.10%,159,0.70%,144,0.64%,"22,622",67.42%,"13,925",31.30%,"6,465",1.27%,263,"20,653",0,0,0
navarro county,"13,800",72.16%,"5,101",26.67%,167,0.87%,53,0.28%,2,0.01%,"19,123","11,994",72.99%,"4,002",24.35%,343,2.09%,58,0.35%,36,0.22%,"16,433",70.60%,"10,847",28.31%,"4,350",1.09%,167,"15,364",0,1,1
newton county,"4,882",80.11%,"1,173",19.25%,34,0.56%,5,0.08%,0,0.00%,"6,094","4,288",77.48%,"1,156",20.89%,66,1.19%,13,0.23%,11,0.20%,"5,534",70.06%,"4,112",28.57%,"1,677",1.36%,80,"5,869",0,0,0
nolan county,"4,131",77.11%,"1,162",21.69%,53,0.99%,10,0.19%,1,0.02%,"5,357","3,552",73.13%,"1,029",21.19%,142,2.92%,22,0.45%,112,2.31%,"4,857",71.74%,"3,282",26.58%,"1,216",1.68%,77,"4,575",0,0,0
nueces county,"64,617",50.75%,"60,925",47.85%,"1,404",1.10%,368,0.29%,8,0.01%,"127,322","50,766",48.62%,"49,198",47.12%,"3,324",3.18%,847,0.81%,270,0.26%,"104,405",50.95%,"48,966",47.63%,"45,772",1.42%,"1,366","96,104",0,0,1
ochiltree county,"2,812",89.10%,302,9.57%,37,1.17%,3,0.10%,2,0.06%,"3,156","2,628",87.54%,274,9.13%,75,2.50%,5,0.17%,20,0.67%,"3,002",90.85%,"2,719",8.45%,253,0.70%,21,"2,993",0,0,0
oldham county,917,90.88%,81,8.03%,10,0.99%,1,0.10%,0,0.00%,"1,009",850,89.66%,78,8.23%,14,1.48%,3,0.32%,3,0.32%,948,90.91%,790,8.17%,71,0.92%,8,869,0,0,0
orange county,"29,186",81.09%,"6,357",17.66%,376,1.04%,51,0.14%,24,0.07%,"35,994","25,513",79.73%,"5,735",17.92%,550,1.72%,115,0.36%,87,0.27%,"32,000",76.56%,"23,366",22.28%,"6,800",1.15%,352,"30,518",0,0,0
palo pinto county,"10,179",81.50%,"2,178",17.44%,101,0.81%,27,0.22%,4,0.03%,"12,489","8,284",80.66%,"1,708",16.63%,210,2.04%,48,0.47%,20,0.19%,"10,270",79.18%,"7,393",19.40%,"1,811",1.42%,133,"9,337",0,1,1
panola county,"9,326",81.44%,"2,057",17.96%,57,0.50%,11,0.10%,0,0.00%,"11,451","8,445",81.08%,"1,835",17.62%,109,1.05%,24,0.23%,3,0.03%,"10,416",77.71%,"7,950",21.61%,"2,211",0.67%,69,"10,230",0,0,0
parker county,"62,045",81.50%,"13,017",17.10%,880,1.16%,158,0.21%,28,0.04%,"76,128","46,473",81.79%,"8,344",14.69%,"1,439",2.53%,215,0.38%,346,0.61%,"56,817",82.28%,"39,243",16.47%,"7,853",1.25%,598,"47,694",0,1,1
parmer county,"2,135",80.57%,488,18.42%,23,0.87%,4,0.15%,0,0.00%,"2,650","1,915",77.66%,485,19.67%,55,2.23%,4,0.16%,7,0.28%,"2,466",78.74%,"2,011",20.71%,529,0.55%,14,"2,554",0,0,0
pecos county,"3,215",68.87%,"1,382",29.61%,50,1.07%,21,0.45%,0,0.00%,"4,668","2,468",58.97%,"1,554",37.13%,127,3.03%,26,0.62%,10,0.24%,"4,185",60.53%,"2,512",38.34%,"1,591",1.13%,47,"4,150",0,0,0
polk county,"18,573",76.79%,"5,387",22.27%,171,0.71%,50,0.21%,5,0.02%,"24,186","15,176",76.45%,"4,187",21.09%,367,1.85%,86,0.43%,36,0.18%,"19,852",73.54%,"14,071",25.39%,"4,859",1.07%,204,"19,134",0,0,0
potter county,"22,820",68.45%,"9,921",29.76%,454,1.36%,126,0.38%,16,0.05%,"33,337","19,630",68.51%,"7,657",26.73%,"1,028",3.59%,190,0.66%,146,0.51%,"28,651",71.52%,"18,918",26.94%,"7,126",1.53%,406,"26,450",0,1,1
presidio county,721,32.52%,"1,463",65.99%,21,0.95%,12,0.54%,0,0.00%,"2,217",652,29.53%,"1,458",66.03%,64,2.90%,29,1.31%,5,0.23%,"2,208",27.74%,504,70.56%,"1,282",1.71%,31,"1,817",0,0,0
rains county,"5,155",85.16%,842,13.91%,43,0.71%,13,0.21%,0,0.00%,"6,053","3,968",84.41%,628,13.36%,80,1.70%,15,0.32%,10,0.21%,"4,701",80.23%,"3,279",18.62%,761,1.15%,47,"4,087",0,0,0
randall county,"50,796",78.54%,"12,802",19.79%,910,1.41%,129,0.20%,37,0.06%,"64,674","43,462",80.03%,"8,367",15.41%,"1,872",3.45%,228,0.42%,376,0.69%,"54,305",83.40%,"41,447",15.24%,"7,574",1.36%,675,"49,696",0,1,1
reagan county,942,83.81%,172,15.30%,7,0.62%,3,0.27%,0,0.00%,"1,124",709,78.43%,167,18.47%,22,2.43%,2,0.22%,4,0.44%,904,80.19%,676,18.74%,158,1.07%,9,843,0,0,0
real county,"1,643",82.90%,320,16.15%,14,0.71%,5,0.25%,0,0.00%,"1,982","1,382",82.21%,262,15.59%,28,1.67%,6,0.36%,3,0.18%,"1,681",80.52%,"1,236",18.05%,277,1.43%,22,"1,535",0,0,0
red river county,"4,517",77.80%,"1,246",21.46%,36,0.62%,7,0.12%,0,0.00%,"5,806","3,926",76.07%,"1,149",22.26%,67,1.30%,8,0.16%,11,0.21%,"5,161",69.94%,"3,549",29.21%,"1,482",0.85%,43,"5,074",0,0,0
reeves county,"2,254",61.10%,"1,395",37.82%,30,0.81%,8,0.22%,2,0.05%,"3,689","1,417",44.50%,"1,659",52.10%,98,3.08%,10,0.31%,0,0.00%,"3,184",41.29%,"1,188",57.53%,"1,655",1.18%,34,"2,877",0,0,0
refugio county,"2,210",65.66%,"1,108",32.92%,26,0.77%,21,0.62%,1,0.03%,"3,366","1,830",62.08%,"1,034",35.07%,71,2.41%,10,0.34%,3,0.10%,"2,948",62.12%,"1,663",37.28%,998,0.60%,16,"2,677",0,0,0
roberts county,529,96.18%,17,3.09%,4,0.73%,0,0.00%,0,0.00%,550,524,94.58%,20,3.61%,6,1.08%,0,0.00%,4,0.72%,554,92.13%,468,6.50%,33,1.38%,7,508,0,0,0
robertson county,"5,646",69.71%,"2,374",29.31%,66,0.81%,13,0.16%,0,0.00%,"8,099","4,668",66.35%,"2,203",31.31%,125,1.78%,17,0.24%,22,0.31%,"7,035",60.64%,"4,419",38.40%,"2,798",0.96%,70,"7,287",0,0,0
rockwall county,"36,726",68.15%,"16,412",30.45%,611,1.13%,121,0.22%,21,0.04%,"53,891","28,451",71.22%,"9,655",24.17%,"1,305",3.27%,207,0.52%,330,0.83%,"39,948",75.99%,"27,113",22.76%,"8,120",1.25%,445,"35,678",0,0,0
runnels county,"3,807",86.35%,552,12.52%,39,0.88%,11,0.25%,0,0.00%,"4,409","3,250",85.93%,453,11.98%,60,1.59%,13,0.34%,6,0.16%,"3,782",84.62%,"3,104",14.15%,519,1.23%,45,"3,668",0,0,0
rusk county,"16,534",77.34%,"4,629",21.65%,155,0.73%,50,0.23%,9,0.04%,"21,377","14,675",77.26%,"3,935",20.72%,333,1.75%,51,0.27%,0,0.00%,"18,994",75.08%,"13,924",24.00%,"4,451",0.92%,171,"18,546",0,1,1
sabine county,"4,784",87.12%,669,12.18%,27,0.49%,7,0.13%,4,0.07%,"5,491","3,998",85.96%,614,13.20%,27,0.58%,9,0.19%,3,0.06%,"4,651",81.41%,"3,727",17.63%,807,0.96%,44,"4,578",0,0,0
san augustine county,"3,007",75.14%,980,24.49%,13,0.32%,2,0.05%,0,0.00%,"4,002","2,622",73.47%,910,25.50%,30,0.84%,6,0.17%,1,0.03%,"3,569",66.91%,"2,469",32.33%,"1,193",0.76%,28,"3,690",0,0,0
san jacinto county,"10,161",80.39%,"2,337",18.49%,101,0.80%,39,0.31%,2,0.02%,"12,640","8,059",77.92%,"2,038",19.70%,170,1.64%,52,0.50%,24,0.23%,"10,343",73.91%,"7,107",25.06%,"2,410",1.03%,99,"9,616",0,1,1
san patricio county,"16,516",63.79%,"8,988",34.71%,291,1.12%,93,0.36%,3,0.01%,"25,891","13,030",60.17%,"7,871",36.35%,573,2.65%,113,0.52%,69,0.32%,"21,656",59.79%,"12,005",39.13%,"7,856",1.08%,217,"20,078",0,0,1
san saba county,"2,308",88.70%,287,11.03%,7,0.27%,0,0.00%,0,0.00%,"2,602","2,025",85.91%,293,12.43%,32,1.36%,4,0.17%,3,0.13%,"2,357",84.33%,"1,905",14.30%,323,1.37%,31,"2,259",0,0,0
schleicher county,940,81.10%,211,18.21%,6,0.52%,2,0.17%,0,0.00%,"1,159",821,77.53%,208,19.64%,24,2.27%,3,0.28%,3,0.28%,"1,059",77.38%,787,21.73%,221,0.88%,9,"1,017",0,0,0
scurry county,"4,983",84.89%,818,13.94%,53,0.90%,15,0.26%,1,0.02%,"5,870","4,410",83.38%,733,13.86%,103,1.95%,22,0.42%,21,0.40%,"5,289",82.04%,"4,124",16.67%,838,1.29%,65,"5,027",0,0,1
shackelford county,"1,484",91.15%,130,7.99%,10,0.61%,4,0.25%,0,0.00%,"1,628","1,378",91.62%,103,6.85%,21,1.40%,0,0.00%,2,0.13%,"1,504",89.36%,"1,218",9.61%,131,1.03%,14,"1,363",0,0,0
shelby county,"7,975",79.06%,"2,068",20.50%,37,0.37%,4,0.04%,3,0.03%,"10,087","7,179",79.01%,"1,758",19.35%,123,1.35%,21,0.23%,5,0.06%,"9,086",74.10%,"6,879",25.01%,"2,322",0.89%,83,"9,284",0,0,0
sherman county,886,89.31%,91,9.17%,9,0.91%,5,0.50%,1,0.10%,992,807,86.31%,96,10.27%,27,2.89%,3,0.32%,2,0.21%,935,87.48%,908,11.66%,121,0.87%,9,"1,038",0,0,0
smith county,"69,080",69.02%,"29,615",29.59%,"1,126",1.12%,254,0.25%,14,0.01%,"100,089","58,930",69.52%,"22,300",26.31%,"2,076",2.45%,341,0.40%,"1,121",1.32%,"84,768",72.02%,"57,331",26.95%,"21,456",1.02%,814,"79,601",0,1,1
somervell county,"4,105",82.98%,768,15.52%,56,1.13%,10,0.20%,8,0.16%,"4,947","3,206",82.27%,541,13.88%,107,2.75%,23,0.59%,20,0.51%,"3,897",81.15%,"2,871",17.33%,613,1.53%,54,"3,538",0,0,0
starr county,"8,247",47.06%,"9,123",52.06%,92,0.52%,63,0.36%,0,0.00%,"17,525","2,224",18.94%,"9,289",79.12%,159,1.35%,68,0.58%,0,0.00%,"11,740",13.02%,"1,547",86.34%,"10,260",0.64%,76,"11,883",0,0,0
stephens county,"3,385",89.08%,397,10.45%,16,0.42%,2,0.05%,0,0.00%,"3,800","3,034",87.66%,348,10.05%,65,1.88%,7,0.20%,7,0.20%,"3,461",84.76%,"2,892",13.92%,475,1.32%,45,"3,412",0,0,0
sterling county,584,91.39%,51,7.98%,1,0.16%,3,0.47%,0,0.00%,639,549,86.73%,70,11.06%,9,1.42%,5,0.79%,0,0.00%,633,92.91%,459,6.28%,31,0.81%,4,494,0,0,0
stonewall county,615,83.56%,116,15.76%,4,0.54%,1,0.14%,0,0.00%,736,555,79.17%,135,19.26%,10,1.43%,1,0.14%,0,0.00%,701,75.11%,507,23.70%,160,1.19%,8,675,0,0,0
sutton county,"1,222",78.48%,322,20.68%,9,0.58%,4,0.26%,0,0.00%,"1,557","1,075",75.92%,313,22.10%,22,1.55%,5,0.35%,1,0.07%,"1,416",74.55%,"1,110",24.78%,369,0.67%,10,"1,489",0,0,0
swisher county,"1,845",78.34%,478,20.30%,22,0.93%,10,0.42%,0,0.00%,"2,355","1,671",75.82%,462,20.96%,51,2.31%,6,0.27%,14,0.64%,"2,204",72.91%,"1,655",25.51%,579,1.59%,36,"2,270",0,1,1
tarrant county,"409,741",49.09%,"411,567",49.31%,"10,368",1.24%,"2,617",0.31%,404,0.05%,"834,697","345,921",51.74%,"288,392",43.14%,"23,775",3.56%,"5,413",0.81%,"5,013",0.75%,"668,514",57.12%,"348,920",41.43%,"253,071",1.46%,"8,899","610,890",0,0,1
taylor county,"39,547",71.73%,"14,588",26.46%,827,1.50%,150,0.27%,23,0.04%,"55,135","33,250",72.66%,"10,085",22.04%,"1,763",3.85%,289,0.63%,372,0.81%,"45,759",76.06%,"32,904",22.54%,"9,750",1.41%,609,"43,263",0,1,1
terrell county,334,72.93%,119,25.98%,3,0.66%,2,0.44%,0,0.00%,458,288,65.75%,140,31.96%,10,2.28%,0,0.00%,0,0.00%,438,64.50%,358,33.15%,184,2.34%,13,555,0,0,0
terry county,"2,812",77.85%,757,20.96%,33,0.91%,10,0.28%,0,0.00%,"3,612","2,459",73.29%,753,22.44%,112,3.34%,21,0.63%,10,0.30%,"3,355",70.15%,"2,602",28.55%,"1,059",1.29%,48,"3,709",0,0,0
throckmorton county,806,90.16%,82,9.17%,5,0.56%,1,0.11%,0,0.00%,894,715,88.49%,84,10.40%,7,0.87%,2,0.25%,0,0.00%,808,86.10%,700,13.41%,109,0.49%,4,813,0,0,1
titus county,"7,570",71.81%,"2,856",27.09%,94,0.89%,19,0.18%,2,0.02%,"10,541","6,511",69.13%,"2,597",27.57%,191,2.03%,44,0.47%,76,0.81%,"9,419",68.71%,"6,084",29.91%,"2,648",1.38%,122,"8,854",0,0,0
tom green county,"32,313",71.47%,"12,239",27.07%,546,1.21%,96,0.21%,16,0.04%,"45,210","27,494",71.45%,"9,173",23.84%,"1,402",3.64%,218,0.57%,192,0.50%,"38,479",73.20%,"26,878",25.31%,"9,294",1.49%,548,"36,720",0,1,1
travis county,"161,337",26.51%,"435,860",71.62%,"8,905",1.46%,"2,094",0.34%,379,0.06%,"608,575","127,209",27.14%,"308,260",65.77%,"21,958",4.68%,"7,462",1.59%,"3,831",0.82%,"468,720",36.21%,"140,152",60.14%,"232,788",3.65%,"14,117","387,057",1,1,1
trinity county,"5,579",80.41%,"1,323",19.07%,25,0.36%,11,0.16%,0,0.00%,"6,938","4,737",79.15%,"1,154",19.28%,80,1.34%,11,0.18%,3,0.05%,"5,985",72.77%,"4,537",25.89%,"1,614",1.35%,84,"6,235",0,0,0
tyler county,"8,194",84.82%,"1,403",14.52%,52,0.54%,11,0.11%,0,0.00%,"9,660","6,624",82.63%,"1,248",15.57%,103,1.28%,22,0.27%,19,0.24%,"8,016",77.21%,"5,910",21.79%,"1,668",0.99%,76,"7,654",0,0,0
upshur county,"15,809",83.68%,"2,877",15.23%,179,0.95%,22,0.12%,5,0.03%,"18,892","13,209",82.49%,"2,380",14.86%,283,1.77%,59,0.37%,82,0.51%,"16,013",79.37%,"12,015",19.63%,"2,971",1.00%,152,"15,138",0,0,1
upton county,"1,178",86.11%,170,12.43%,13,0.95%,7,0.51%,0,0.00%,"1,368","1,007",74.76%,286,21.23%,49,3.64%,3,0.22%,2,0.15%,"1,347",73.31%,953,25.62%,333,1.08%,14,"1,300",0,0,0
uvalde county,"6,174",59.69%,"4,073",39.38%,66,0.64%,29,0.28%,2,0.02%,"10,344","4,835",53.94%,"3,867",43.14%,191,2.13%,54,0.60%,17,0.19%,"8,964",53.69%,"4,529",45.35%,"3,825",0.96%,81,"8,435",0,0,0
val verde county,"8,284",54.21%,"6,771",44.31%,170,1.11%,47,0.31%,8,0.05%,"15,280","5,890",43.25%,"6,964",51.14%,573,4.21%,131,0.96%,59,0.43%,"13,617",46.64%,"5,635",52.02%,"6,285",1.33%,161,"12,081",0,0,0
van zandt county,"22,270",85.56%,"3,516",13.51%,175,0.67%,33,0.13%,35,0.13%,"26,029","18,473",84.39%,"2,799",12.79%,385,1.76%,77,0.35%,156,0.71%,"21,890",82.69%,"15,794",16.15%,"3,084",1.16%,222,"19,100",0,0,0
victoria county,"23,358",68.32%,"10,380",30.36%,339,0.99%,103,0.30%,8,0.02%,"34,188","21,275",68.36%,"8,866",28.49%,782,2.51%,156,0.50%,44,0.14%,"31,123",68.25%,"19,692",30.51%,"8,802",1.24%,359,"28,853",0,1,1
walker county,"15,375",65.12%,"7,884",33.39%,287,1.22%,63,0.27%,3,0.01%,"23,612","12,884",65.08%,"6,091",30.77%,560,2.83%,161,0.81%,100,0.51%,"19,796",64.97%,"12,140",33.46%,"6,252",1.57%,293,"18,685",0,0,0
waller county,"14,260",62.73%,"8,191",36.03%,201,0.88%,82,0.36%,0,0.00%,"22,734","10,531",62.74%,"5,748",34.25%,342,2.04%,104,0.62%,59,0.35%,"16,784",58.13%,"9,244",40.96%,"6,514",0.91%,144,"15,902",0,0,0
ward county,"3,241",79.83%,764,18.82%,29,0.71%,26,0.64%,0,0.00%,"4,060","2,547",73.93%,783,22.73%,82,2.38%,10,0.29%,23,0.67%,"3,445",72.91%,"2,366",25.92%,841,1.17%,38,"3,245",0,0,0
washington county,"12,959",74.36%,"4,261",24.45%,178,1.02%,20,0.11%,9,0.05%,"17,427","10,945",73.81%,"3,382",22.81%,352,2.37%,70,0.47%,79,0.53%,"14,828",75.41%,"10,857",23.48%,"3,381",1.10%,159,"14,397",0,0,0
webb county,"25,898",37.86%,"41,820",61.14%,446,0.65%,233,0.34%,0,0.00%,"68,397","12,947",22.75%,"42,307",74.35%,"1,033",1.82%,591,1.04%,27,0.05%,"56,905",22.56%,"11,078",76.56%,"37,597",0.89%,435,"49,110",0,0,0
wharton county,"11,926",71.15%,"4,694",28.01%,105,0.63%,36,0.21%,0,0.00%,"16,761","10,149",68.89%,"4,238",28.77%,269,1.83%,51,0.35%,25,0.17%,"14,732",69.21%,"9,750",30.06%,"4,235",0.72%,102,"14,087",0,1,1
wheeler county,"2,159",92.38%,168,7.19%,7,0.30%,3,0.13%,0,0.00%,"2,337","2,087",90.50%,194,8.41%,21,0.91%,4,0.17%,0,0.00%,"2,306",88.25%,"1,878",10.90%,232,0.85%,18,"2,128",0,0,0
wichita county,"32,069",69.65%,"13,161",28.59%,675,1.47%,125,0.27%,10,0.02%,"46,040","27,631",72.49%,"8,770",23.01%,"1,308",3.43%,256,0.67%,154,0.40%,"38,119",72.68%,"29,812",25.66%,"10,525",1.66%,681,"41,018",0,0,1
wilbarger county,"3,524",77.90%,956,21.13%,33,0.73%,11,0.24%,0,0.00%,"4,524","3,166",77.13%,809,19.71%,115,2.80%,13,0.32%,2,0.05%,"4,105",74.27%,"2,956",24.40%,971,1.33%,53,"3,980",0,0,0
willacy county,"2,441",43.99%,"3,108",56.01%,0,0.00%,0,0.00%,0,0.00%,"5,549","1,547",30.36%,"3,422",67.16%,95,1.86%,31,0.61%,0,0.00%,"5,095",27.96%,"1,416",71.09%,"3,600",0.95%,48,"5,064",0,0,0
williamson county,"139,729",48.26%,"143,795",49.66%,"4,998",1.73%,790,0.27%,243,0.08%,"289,555","104,175",51.30%,"84,468",41.59%,"10,229",5.04%,"2,047",1.01%,"2,162",1.06%,"203,081",59.41%,"97,006",37.90%,"61,875",2.69%,"4,390","163,271",0,1,1
wilson county,"18,463",73.81%,"6,350",25.39%,151,0.60%,39,0.16%,10,0.04%,"25,013","13,998",72.04%,"4,790",24.65%,392,2.02%,82,0.42%,170,0.87%,"19,432",71.01%,"12,218",28.02%,"4,821",0.96%,166,"17,205",0,0,0
winkler county,"1,753",82.46%,358,16.84%,14,0.66%,1,0.05%,0,0.00%,"2,126","1,403",74.79%,420,22.39%,49,2.61%,1,0.05%,3,0.16%,"1,876",76.00%,"1,311",23.07%,398,0.93%,16,"1,725",0,0,0
wise county,"27,032",83.52%,"4,973",15.37%,310,0.96%,47,0.15%,3,0.01%,"32,365","20,670",83.43%,"3,412",13.77%,505,2.04%,91,0.37%,98,0.40%,"24,776",82.95%,"17,207",15.53%,"3,221",1.53%,317,"20,745",0,0,0
wood county,"19,049",83.63%,"3,509",15.40%,175,0.77%,40,0.18%,6,0.03%,"22,779","15,700",83.84%,"2,630",14.04%,280,1.50%,64,0.34%,53,0.28%,"18,727",81.63%,"14,351",17.38%,"3,056",0.99%,174,"17,581",0,0,0
yoakum county,"2,174",82.63%,420,15.96%,31,1.18%,6,0.23%,0,0.00%,"2,631","1,797",78.03%,426,18.50%,73,3.17%,3,0.13%,4,0.17%,"2,303",79.79%,"1,698",19.22%,409,0.99%,21,"2,128",0,0,0
young county,"7,110",86.30%,"1,034",12.55%,76,0.92%,18,0.22%,1,0.01%,"8,239","6,601",85.65%,876,11.37%,180,2.34%,19,0.25%,31,0.40%,"7,707",85.09%,"6,225",13.56%,992,1.35%,99,"7,316",0,1,1
zapata county,"2,033",52.48%,"1,826",47.13%,11,0.28%,4,0.10%,0,0.00%,"3,874","1,029",32.75%,"2,063",65.66%,34,1.08%,16,0.51%,0,0.00%,"3,142",28.14%,997,71.32%,"2,527",0.54%,19,"3,543",0,0,0
zavala county,"1,490",34.03%,"2,864",65.40%,13,0.30%,12,0.27%,0,0.00%,"4,379",694,20.44%,"2,636",77.62%,50,1.47%,16,0.47%,0,0.00%,"3,396",15.71%,574,83.27%,"3,042",1.01%,37,"3,653",0,0,0